{
	"pages": [
		{
			"path": "pages/conversations",
			"style": {
				"navigationBarTitleText": "会话",
				"navigationBarBackgroundColor" : "#ffffff",
				"navigationBarTextStyle" : "black",
				"app-plus" : {
					"titleNView" : true
				}
			}
		},
		{
			"path": "pages/login",
			"style": {
				"navigationBarTitleText": "登录",
				"navigationBarBackgroundColor" : "#ffffff",
				"navigationBarTextStyle":"white",
				"app-plus" : {
					"titleNView" : true
				}
			}
		},
		{
			"path": "pages/register",
			"style": {
				"navigationBarTitleText": "注册",
				"navigationBarBackgroundColor" : "#F1F1F1",
				"navigationBarTextStyle":"black",
				"app-plus" : {
					"titleNView" : true
				}
			}
		},
		{
			"path": "pages/contacts",
			"style": {
				"navigationBarTitleText": "通讯录",
				"navigationBarBackgroundColor" : "#ffffff",
				"navigationBarTextStyle" : "black"
			}
		},
		{
			"path": "pages/mine",
			"style": {
				"navigationBarTitleText": "我的",
				"navigationBarBackgroundColor" : "#ffffff",
				"navigationBarTextStyle" : "black"
			}
		},
		{
			"path": "pages/privateChat",
			"style": {
				"navigationBarTitleText": "uni-app",
				"navigationBarBackgroundColor" : "#F1F1F1",
				"enablePullDownRefresh": true
			}
		},
		{
			"path": "pages/groupChat",
			"style": {
				"navigationBarTitleText": "群",
				"navigationBarBackgroundColor" : "#F1F1F1",
				"enablePullDownRefresh": true
			}
		},
		{
			"path": "pages/member",
			"style": {
				"navigationBarTitleText": "群成员",
				"navigationBarBackgroundColor" : "#ffffff",
                "navigationBarTextStyle" : "black"
			}
		},
		{
			"path": "pages/group",
			"style": {
				"navigationBarTitleText": "群信息",
				"navigationBarBackgroundColor" : "#ffffff",
				"navigationBarTextStyle" : "black"
			}
		},
		{
			"path": "pages/friend",
			"style": {
				"navigationBarTitleText": "用户信息",
				"navigationBarBackgroundColor" : "#ffffff",
				"navigationBarTextStyle" : "black"
			}
		},
		{
			"path": "pages/addContact",
			"style": {
				"navigationBarTitleText": "添加用户/社区",
				"navigationBarBackgroundColor" : "#F1F1F1",
		        "navigationBarTextStyle" : "black"
			}
		},
		{
			"path": "pages/createGroup",
			"style": {
				"navigationBarTitleText": "创建社区",
				"navigationBarBackgroundColor" : "#F1F1F1",
		        "navigationBarTextStyle" : "black"
			}
		},
		{
			"path": "pages/square",
			"style": {
				"navigationBarTitleText": "社区广场",
				"navigationBarBackgroundColor" : "#ffffff",
				"navigationBarTextStyle" : "black"
			}
		},
		{
			"path": "pages/editGroup",
			"style": {
				"navigationBarTitleText": "编辑社区信息",
				"navigationBarBackgroundColor" : "#F1F1F1",
		        "navigationBarTextStyle" : "black"
			}
		},
		{
			"path": "pages/edit-profile",
			"style": {
				"navigationBarTitleText": "编辑资料",
				"navigationBarBackgroundColor" : "#F1F1F1",
		        "navigationBarTextStyle" : "black"
			}
		},
		{
		  "path": "pages/rtc/private/ring",
		  "style": {
		    "disableSwipeBack": true,
		    "navigationBarTitleText": "",
		    "disableScroll": true,
		    "navigationStyle": "custom",
		    "app-plus": {
		      "backgroundColorTop": "transparent",
		      "background": "transparent",
		      "scrollIndicator": false
		    }
		  }
		},
		{
		  "path": "pages/rtc/private/call",
		  "style": {
		    "disableSwipeBack": true,
		    "navigationBarTitleText": "",
		    "disableScroll": true,
		    "navigationStyle": "custom",
		    "app-plus": {
		      "backgroundColorTop": "transparent",
		      "background": "transparent",
		      "scrollIndicator": false
		    }
		  }
		},
		{
		  "path": "pages/rtc/private/dial",
		  "style": {
		    "disableSwipeBack": true,
		    "navigationBarTitleText": "",
		    "disableScroll": true,
		    "navigationStyle": "custom",
		    "app-plus": {
		      "backgroundColorTop": "transparent",
		      "background": "transparent",
		      "scrollIndicator": false
		    }
		  }
		}
	],
	"globalStyle": {
		"navigationBarTextStyle": "black",
		"navigationBarTitleText": "",
		"navigationBarBackgroundColor": "#F3F4F7",
		"backgroundColor": "#F8F8F8"
	},
	"tabBar" : {
		"color":"#454750",
		"selectedColor":"#618DFF",
		"borderStyle":"black",
		"backgroundColor":"#ffffff",
		"height" : "60px",
		"list" : [
			{
				"pagePath" : "pages/conversations",
				"iconPath":"static/images/msg.png",
				"selectedIconPath":"static/images/msg-active.png"
			},
			{
				"pagePath" : "pages/contacts",
				"iconPath":"static/images/contacts.png",
				"selectedIconPath":"static/images/contacts-active.png"
			},
			{
				"pagePath" : "pages/square",
				"iconPath":"static/images/square.png",
				"selectedIconPath":"static/images/square-active.png"
			},
			{
				"pagePath" : "pages/mine",
				"iconPath":"static/images/mine.png",
				"selectedIconPath":"static/images/mine-active.png"
			}
			
		]
	},
	"condition" : { //模式配置，仅开发期间生效
		"current": 0, //当前激活的模式(list 的索引项)
		"list": [
			{
				"name": "", //模式名称
				"path": "", //启动页面，必选
				"query": "" //启动参数，在页面的onLoad函数里面得到
			}
		]
	}
}